,Country,C_Clean,alpha-3,name,alpha-2,country-code,iso_3166-2,region,sub-region,intermediate-region,region-code,sub-region-code,intermediate-region-code
0,US,US,USA,United States of America,US,840,ISO 3166-2:US,Americas,Northern America,,19.0,21.0,
1,Canada,Canada,CAN,Canada,CA,124,ISO 3166-2:CA,Americas,Northern America,,19.0,21.0,
2,China,China,CHN,China,CN,156,ISO 3166-2:CN,Asia,Eastern Asia,,142.0,30.0,
3,Netherlands,Netherlands,NLD,Netherlands,NL,528,ISO 3166-2:NL,Europe,Western Europe,,150.0,155.0,
4,Australia,Australia,AUS,Australia,AU,36,ISO 3166-2:AU,Oceania,Australia and New Zealand,,9.0,53.0,
5,United Kingdom,United Kingdom,GBR,United Kingdom of Great Britain and Northern Ireland,GB,826,ISO 3166-2:GB,Europe,Northern Europe,,150.0,154.0,
6,Denmark,Denmark,DNK,Denmark,DK,208,ISO 3166-2:DK,Europe,Northern Europe,,150.0,154.0,
7,Cruise Ship,Japan,JPN,Japan,JP,392,ISO 3166-2:JP,Asia,Eastern Asia,,142.0,30.0,
8,France,France,FRA,France,FR,250,ISO 3166-2:FR,Europe,Western Europe,,150.0,155.0,
9,Afghanistan,Afghanistan,AFG,Afghanistan,AF,4,ISO 3166-2:AF,Asia,Southern Asia,,142.0,34.0,
10,Albania,Albania,ALB,Albania,AL,8,ISO 3166-2:AL,Europe,Southern Europe,,150.0,39.0,
11,Algeria,Algeria,DZA,Algeria,DZ,12,ISO 3166-2:DZ,Africa,Northern Africa,,2.0,15.0,
12,Andorra,Andorra,AND,Andorra,AD,20,ISO 3166-2:AD,Europe,Southern Europe,,150.0,39.0,
13,Angola,Angola,AGO,Angola,AO,24,ISO 3166-2:AO,Africa,Sub-Saharan Africa,Middle Africa,2.0,202.0,17.0
14,Antigua and Barbuda,Antigua and Barbuda,ATG,Antigua and Barbuda,AG,28,ISO 3166-2:AG,Americas,Latin America and the Caribbean,Caribbean,19.0,419.0,29.0
15,Argentina,Argentina,ARG,Argentina,AR,32,ISO 3166-2:AR,Americas,Latin America and the Caribbean,South America,19.0,419.0,5.0
16,Armenia,Armenia,ARM,Armenia,AM,51,ISO 3166-2:AM,Asia,Western Asia,,142.0,145.0,
17,Austria,Austria,AUT,Austria,AT,40,ISO 3166-2:AT,Europe,Western Europe,,150.0,155.0,
18,Azerbaijan,Azerbaijan,AZE,Azerbaijan,AZ,31,ISO 3166-2:AZ,Asia,Western Asia,,142.0,145.0,
19,"Bahamas, The",Bahamas,BHS,Bahamas,BS,44,ISO 3166-2:BS,Americas,Latin America and the Caribbean,Caribbean,19.0,419.0,29.0
20,Bahrain,Bahrain,BHR,Bahrain,BH,48,ISO 3166-2:BH,Asia,Western Asia,,142.0,145.0,
21,Bangladesh,Bangladesh,BGD,Bangladesh,BD,50,ISO 3166-2:BD,Asia,Southern Asia,,142.0,34.0,
22,Barbados,Barbados,BRB,Barbados,BB,52,ISO 3166-2:BB,Americas,Latin America and the Caribbean,Caribbean,19.0,419.0,29.0
23,Belarus,Belarus,BLR,Belarus,BY,112,ISO 3166-2:BY,Europe,Eastern Europe,,150.0,151.0,
24,Belgium,Belgium,BEL,Belgium,BE,56,ISO 3166-2:BE,Europe,Western Europe,,150.0,155.0,
25,Benin,Benin,BEN,Benin,BJ,204,ISO 3166-2:BJ,Africa,Sub-Saharan Africa,Western Africa,2.0,202.0,11.0
26,Bhutan,Bhutan,BTN,Bhutan,BT,64,ISO 3166-2:BT,Asia,Southern Asia,,142.0,34.0,
27,Bolivia,Bolivia,BOL,Bolivia (Plurinational State of),BO,68,ISO 3166-2:BO,Americas,Latin America and the Caribbean,South America,19.0,419.0,5.0
28,Bosnia and Herzegovina,Bosnia and Herzegovina,BIH,Bosnia and Herzegovina,BA,70,ISO 3166-2:BA,Europe,Southern Europe,,150.0,39.0,
29,Brazil,Brazil,BRA,Brazil,BR,76,ISO 3166-2:BR,Americas,Latin America and the Caribbean,South America,19.0,419.0,5.0
30,Brunei,Brunei,BRN,Brunei Darussalam,BN,96,ISO 3166-2:BN,Asia,South-eastern Asia,,142.0,35.0,
31,Bulgaria,Bulgaria,BGR,Bulgaria,BG,100,ISO 3166-2:BG,Europe,Eastern Europe,,150.0,151.0,
32,Burkina Faso,Burkina Faso,BFA,Burkina Faso,BF,854,ISO 3166-2:BF,Africa,Sub-Saharan Africa,Western Africa,2.0,202.0,11.0
33,Cabo Verde,Cabo Verde,CPV,Cabo Verde,CV,132,ISO 3166-2:CV,Africa,Sub-Saharan Africa,Western Africa,2.0,202.0,11.0
34,Cambodia,Cambodia,KHM,Cambodia,KH,116,ISO 3166-2:KH,Asia,South-eastern Asia,,142.0,35.0,
35,Cameroon,Cameroon,CMR,Cameroon,CM,120,ISO 3166-2:CM,Africa,Sub-Saharan Africa,Middle Africa,2.0,202.0,17.0
36,Cape Verde,Cabo Verde,CPV,Cabo Verde,CV,132,ISO 3166-2:CV,Africa,Sub-Saharan Africa,Western Africa,2.0,202.0,11.0
37,Central African Republic,Central African Republic,CAF,Central African Republic,CF,140,ISO 3166-2:CF,Africa,Sub-Saharan Africa,Middle Africa,2.0,202.0,17.0
38,Chad,Chad,TCD,Chad,TD,148,ISO 3166-2:TD,Africa,Sub-Saharan Africa,Middle Africa,2.0,202.0,17.0
39,Chile,Chile,CHL,Chile,CL,152,ISO 3166-2:CL,Americas,Latin America and the Caribbean,South America,19.0,419.0,5.0
40,Colombia,Colombia,COL,Colombia,CO,170,ISO 3166-2:CO,Americas,Latin America and the Caribbean,South America,19.0,419.0,5.0
41,Congo (Brazzaville),Congo,COG,Congo,CG,178,ISO 3166-2:CG,Africa,Sub-Saharan Africa,Middle Africa,2.0,202.0,17.0
42,Congo (Kinshasa),Congo,COG,Congo,CG,178,ISO 3166-2:CG,Africa,Sub-Saharan Africa,Middle Africa,2.0,202.0,17.0
43,Costa Rica,Costa Rica,CRI,Costa Rica,CR,188,ISO 3166-2:CR,Americas,Latin America and the Caribbean,Central America,19.0,419.0,13.0
44,Cote d'Ivoire,Cote d'Ivoire,CIV,Côte d'Ivoire,CI,384,ISO 3166-2:CI,Africa,Sub-Saharan Africa,Western Africa,2.0,202.0,11.0
45,Croatia,Croatia,HRV,Croatia,HR,191,ISO 3166-2:HR,Europe,Southern Europe,,150.0,39.0,
46,Cuba,Cuba,CUB,Cuba,CU,192,ISO 3166-2:CU,Americas,Latin America and the Caribbean,Caribbean,19.0,419.0,29.0
47,Cyprus,Cyprus,CYP,Cyprus,CY,196,ISO 3166-2:CY,Asia,Western Asia,,142.0,145.0,
48,Czechia,Czechia,CZE,Czechia,CZ,203,ISO 3166-2:CZ,Europe,Eastern Europe,,150.0,151.0,
49,Djibouti,Djibouti,DJI,Djibouti,DJ,262,ISO 3166-2:DJ,Africa,Sub-Saharan Africa,Eastern Africa,2.0,202.0,14.0
50,Dominica,Dominica,DMA,Dominica,DM,212,ISO 3166-2:DM,Americas,Latin America and the Caribbean,Caribbean,19.0,419.0,29.0
51,Dominican Republic,Dominican Republic,DOM,Dominican Republic,DO,214,ISO 3166-2:DO,Americas,Latin America and the Caribbean,Caribbean,19.0,419.0,29.0
52,East Timor,Timor-Leste,TLS,Timor-Leste,TL,626,ISO 3166-2:TL,Asia,South-eastern Asia,,142.0,35.0,
53,Ecuador,Ecuador,ECU,Ecuador,EC,218,ISO 3166-2:EC,Americas,Latin America and the Caribbean,South America,19.0,419.0,5.0
54,Egypt,Egypt,EGY,Egypt,EG,818,ISO 3166-2:EG,Africa,Northern Africa,,2.0,15.0,
55,El Salvador,El Salvador,SLV,El Salvador,SV,222,ISO 3166-2:SV,Americas,Latin America and the Caribbean,Central America,19.0,419.0,13.0
56,Equatorial Guinea,Equatorial Guinea,GNQ,Equatorial Guinea,GQ,226,ISO 3166-2:GQ,Africa,Sub-Saharan Africa,Middle Africa,2.0,202.0,17.0
57,Eritrea,Eritrea,ERI,Eritrea,ER,232,ISO 3166-2:ER,Africa,Sub-Saharan Africa,Eastern Africa,2.0,202.0,14.0
58,Estonia,Estonia,EST,Estonia,EE,233,ISO 3166-2:EE,Europe,Northern Europe,,150.0,154.0,
59,Eswatini,Eswatini,SWZ,Eswatini,SZ,748,ISO 3166-2:SZ,Africa,Sub-Saharan Africa,Southern Africa,2.0,202.0,18.0
60,Ethiopia,Ethiopia,ETH,Ethiopia,ET,231,ISO 3166-2:ET,Africa,Sub-Saharan Africa,Eastern Africa,2.0,202.0,14.0
61,Fiji,Fiji,FJI,Fiji,FJ,242,ISO 3166-2:FJ,Oceania,Melanesia,,9.0,54.0,
62,Finland,Finland,FIN,Finland,FI,246,ISO 3166-2:FI,Europe,Northern Europe,,150.0,154.0,
63,French Guiana,French Guiana,GUF,French Guiana,GF,254,ISO 3166-2:GF,Americas,Latin America and the Caribbean,South America,19.0,419.0,5.0
64,Gabon,Gabon,GAB,Gabon,GA,266,ISO 3166-2:GA,Africa,Sub-Saharan Africa,Middle Africa,2.0,202.0,17.0
65,"Gambia, The",Gambia,GMB,Gambia,GM,270,ISO 3166-2:GM,Africa,Sub-Saharan Africa,Western Africa,2.0,202.0,11.0
66,Georgia,Georgia,GEO,Georgia,GE,268,ISO 3166-2:GE,Asia,Western Asia,,142.0,145.0,
67,Germany,Germany,DEU,Germany,DE,276,ISO 3166-2:DE,Europe,Western Europe,,150.0,155.0,
68,Ghana,Ghana,GHA,Ghana,GH,288,ISO 3166-2:GH,Africa,Sub-Saharan Africa,Western Africa,2.0,202.0,11.0
69,Greece,Greece,GRC,Greece,GR,300,ISO 3166-2:GR,Europe,Southern Europe,,150.0,39.0,
70,Greenland,Greenland,GRL,Greenland,GL,304,ISO 3166-2:GL,Americas,Northern America,,19.0,21.0,
71,Grenada,Grenada,GRD,Grenada,GD,308,ISO 3166-2:GD,Americas,Latin America and the Caribbean,Caribbean,19.0,419.0,29.0
72,Guadeloupe,Guadeloupe,FRA,France,FR,250,ISO 3166-2:FR,Europe,Western Europe,,150.0,155.0,
73,Guam,Guam,GUM,Guam,GU,316,ISO 3166-2:GU,Oceania,Micronesia,,9.0,57.0,
74,Guatemala,Guatemala,GTM,Guatemala,GT,320,ISO 3166-2:GT,Americas,Latin America and the Caribbean,Central America,19.0,419.0,13.0
75,Guernsey,Guernsey,GGY,Guernsey,GG,831,ISO 3166-2:GG,Europe,Northern Europe,Channel Islands,150.0,154.0,830.0
76,Guinea,Guinea,GIN,Guinea,GN,324,ISO 3166-2:GN,Africa,Sub-Saharan Africa,Western Africa,2.0,202.0,11.0
77,Guyana,Guyana,GUY,Guyana,GY,328,ISO 3166-2:GY,Americas,Latin America and the Caribbean,South America,19.0,419.0,5.0
78,Haiti,Haiti,HTI,Haiti,HT,332,ISO 3166-2:HT,Americas,Latin America and the Caribbean,Caribbean,19.0,419.0,29.0
79,Holy See,Holy See,VAT,Holy See,VA,336,ISO 3166-2:VA,Europe,Southern Europe,,150.0,39.0,
80,Honduras,Honduras,HND,Honduras,HN,340,ISO 3166-2:HN,Americas,Latin America and the Caribbean,Central America,19.0,419.0,13.0
81,Hungary,Hungary,HUN,Hungary,HU,348,ISO 3166-2:HU,Europe,Eastern Europe,,150.0,151.0,
82,Iceland,Iceland,ISL,Iceland,IS,352,ISO 3166-2:IS,Europe,Northern Europe,,150.0,154.0,
83,India,India,IND,India,IN,356,ISO 3166-2:IN,Asia,Southern Asia,,142.0,34.0,
84,Indonesia,Indonesia,IDN,Indonesia,ID,360,ISO 3166-2:ID,Asia,South-eastern Asia,,142.0,35.0,
85,Iran,Iran,IRN,Iran (Islamic Republic of),IR,364,ISO 3166-2:IR,Asia,Southern Asia,,142.0,34.0,
86,Iraq,Iraq,IRQ,Iraq,IQ,368,ISO 3166-2:IQ,Asia,Western Asia,,142.0,145.0,
87,Ireland,Ireland,IRL,Ireland,IE,372,ISO 3166-2:IE,Europe,Northern Europe,,150.0,154.0,
88,Israel,Israel,ISR,Israel,IL,376,ISO 3166-2:IL,Asia,Western Asia,,142.0,145.0,
89,Italy,Italy,ITA,Italy,IT,380,ISO 3166-2:IT,Europe,Southern Europe,,150.0,39.0,
90,Jamaica,Jamaica,JAM,Jamaica,JM,388,ISO 3166-2:JM,Americas,Latin America and the Caribbean,Caribbean,19.0,419.0,29.0
91,Japan,Japan,JPN,Japan,JP,392,ISO 3166-2:JP,Asia,Eastern Asia,,142.0,30.0,
92,Jersey,Jersey,JEY,Jersey,JE,832,ISO 3166-2:JE,Europe,Northern Europe,Channel Islands,150.0,154.0,830.0
93,Jordan,Jordan,JOR,Jordan,JO,400,ISO 3166-2:JO,Asia,Western Asia,,142.0,145.0,
94,Kazakhstan,Kazakhstan,KAZ,Kazakhstan,KZ,398,ISO 3166-2:KZ,Asia,Central Asia,,142.0,143.0,
95,Kenya,Kenya,KEN,Kenya,KE,404,ISO 3166-2:KE,Africa,Sub-Saharan Africa,Eastern Africa,2.0,202.0,14.0
96,"Korea, South",Korea,PRK,Korea (Democratic People's Republic of),KP,408,ISO 3166-2:KP,Asia,Eastern Asia,,142.0,30.0,
97,Kosovo,Kosovo,SRB,Serbia,RS,688,ISO 3166-2:RS,Europe,Southern Europe,,150.0,39.0,
98,Kuwait,Kuwait,KWT,Kuwait,KW,414,ISO 3166-2:KW,Asia,Western Asia,,142.0,145.0,
99,Kyrgyzstan,Kyrgyzstan,KGZ,Kyrgyzstan,KG,417,ISO 3166-2:KG,Asia,Central Asia,,142.0,143.0,
100,Latvia,Latvia,LVA,Latvia,LV,428,ISO 3166-2:LV,Europe,Northern Europe,,150.0,154.0,
101,Lebanon,Lebanon,LBN,Lebanon,LB,422,ISO 3166-2:LB,Asia,Western Asia,,142.0,145.0,
102,Liberia,Liberia,LBR,Liberia,LR,430,ISO 3166-2:LR,Africa,Sub-Saharan Africa,Western Africa,2.0,202.0,11.0
103,Liechtenstein,Liechtenstein,LIE,Liechtenstein,LI,438,ISO 3166-2:LI,Europe,Western Europe,,150.0,155.0,
104,Lithuania,Lithuania,LTU,Lithuania,LT,440,ISO 3166-2:LT,Europe,Northern Europe,,150.0,154.0,
105,Luxembourg,Luxembourg,LUX,Luxembourg,LU,442,ISO 3166-2:LU,Europe,Western Europe,,150.0,155.0,
106,Madagascar,Madagascar,MDG,Madagascar,MG,450,ISO 3166-2:MG,Africa,Sub-Saharan Africa,Eastern Africa,2.0,202.0,14.0
107,Malaysia,Malaysia,MYS,Malaysia,MY,458,ISO 3166-2:MY,Asia,South-eastern Asia,,142.0,35.0,
108,Maldives,Maldives,MDV,Maldives,MV,462,ISO 3166-2:MV,Asia,Southern Asia,,142.0,34.0,
109,Malta,Malta,MLT,Malta,MT,470,ISO 3166-2:MT,Europe,Southern Europe,,150.0,39.0,
110,Martinique,Martinique,MTQ,Martinique,MQ,474,ISO 3166-2:MQ,Americas,Latin America and the Caribbean,Caribbean,19.0,419.0,29.0
111,Mauritania,Mauritania,MRT,Mauritania,MR,478,ISO 3166-2:MR,Africa,Sub-Saharan Africa,Western Africa,2.0,202.0,11.0
112,Mauritius,Mauritius,MUS,Mauritius,MU,480,ISO 3166-2:MU,Africa,Sub-Saharan Africa,Eastern Africa,2.0,202.0,14.0
113,Mayotte,Mayotte,FRA,France,FR,250,ISO 3166-2:FR,Europe,Western Europe,,150.0,155.0,
114,Mexico,Mexico,MEX,Mexico,MX,484,ISO 3166-2:MX,Americas,Latin America and the Caribbean,Central America,19.0,419.0,13.0
115,Moldova,Moldova,MDA,"Moldova, Republic of",MD,498,ISO 3166-2:MD,Europe,Eastern Europe,,150.0,151.0,
116,Monaco,Monaco,MCO,Monaco,MC,492,ISO 3166-2:MC,Europe,Western Europe,,150.0,155.0,
117,Mongolia,Mongolia,MNG,Mongolia,MN,496,ISO 3166-2:MN,Asia,Eastern Asia,,142.0,30.0,
118,Montenegro,Montenegro,MNE,Montenegro,ME,499,ISO 3166-2:ME,Europe,Southern Europe,,150.0,39.0,
119,Morocco,Morocco,MAR,Morocco,MA,504,ISO 3166-2:MA,Africa,Northern Africa,,2.0,15.0,
120,Mozambique,Mozambique,MOZ,Mozambique,MZ,508,ISO 3166-2:MZ,Africa,Sub-Saharan Africa,Eastern Africa,2.0,202.0,14.0
121,Namibia,Namibia,NAM,Namibia,,516,ISO 3166-2:NA,Africa,Sub-Saharan Africa,Southern Africa,2.0,202.0,18.0
122,Nepal,Nepal,NPL,Nepal,NP,524,ISO 3166-2:NP,Asia,Southern Asia,,142.0,34.0,
123,New Zealand,New Zealand,NZL,New Zealand,NZ,554,ISO 3166-2:NZ,Oceania,Australia and New Zealand,,9.0,53.0,
124,Nicaragua,Nicaragua,NIC,Nicaragua,NI,558,ISO 3166-2:NI,Americas,Latin America and the Caribbean,Central America,19.0,419.0,13.0
125,Niger,Niger,NGA,Nigeria,NG,566,ISO 3166-2:NG,Africa,Sub-Saharan Africa,Western Africa,2.0,202.0,11.0
126,Nigeria,Nigeria,NGA,Nigeria,NG,566,ISO 3166-2:NG,Africa,Sub-Saharan Africa,Western Africa,2.0,202.0,11.0
127,North Macedonia,North Macedonia,MKD,North Macedonia,MK,807,ISO 3166-2:MK,Europe,Southern Europe,,150.0,39.0,
128,Norway,Norway,NOR,Norway,NO,578,ISO 3166-2:NO,Europe,Northern Europe,,150.0,154.0,
129,Oman,Oman,OMN,Oman,OM,512,ISO 3166-2:OM,Asia,Western Asia,,142.0,145.0,
130,Pakistan,Pakistan,PAK,Pakistan,PK,586,ISO 3166-2:PK,Asia,Southern Asia,,142.0,34.0,
131,Panama,Panama,PAN,Panama,PA,591,ISO 3166-2:PA,Americas,Latin America and the Caribbean,Central America,19.0,419.0,13.0
132,Papua New Guinea,Papua New Guinea,PNG,Papua New Guinea,PG,598,ISO 3166-2:PG,Oceania,Melanesia,,9.0,54.0,
133,Paraguay,Paraguay,PRY,Paraguay,PY,600,ISO 3166-2:PY,Americas,Latin America and the Caribbean,South America,19.0,419.0,5.0
134,Peru,Peru,PER,Peru,PE,604,ISO 3166-2:PE,Americas,Latin America and the Caribbean,South America,19.0,419.0,5.0
135,Philippines,Philippines,PHL,Philippines,PH,608,ISO 3166-2:PH,Asia,South-eastern Asia,,142.0,35.0,
136,Poland,Poland,POL,Poland,PL,616,ISO 3166-2:PL,Europe,Eastern Europe,,150.0,151.0,
137,Portugal,Portugal,PRT,Portugal,PT,620,ISO 3166-2:PT,Europe,Southern Europe,,150.0,39.0,
138,Puerto Rico,Puerto Rico,PRI,Puerto Rico,PR,630,ISO 3166-2:PR,Americas,Latin America and the Caribbean,Caribbean,19.0,419.0,29.0
139,Qatar,Qatar,QAT,Qatar,QA,634,ISO 3166-2:QA,Asia,Western Asia,,142.0,145.0,
140,Republic of the Congo,Republic of the Congo,COG,Congo,CG,178,ISO 3166-2:CG,Africa,Sub-Saharan Africa,Middle Africa,2.0,202.0,17.0
141,Reunion,Reunion,REU,Réunion,RE,638,ISO 3166-2:RE,Africa,Sub-Saharan Africa,Eastern Africa,2.0,202.0,14.0
142,Romania,Romania,ROU,Romania,RO,642,ISO 3166-2:RO,Europe,Eastern Europe,,150.0,151.0,
143,Russia,Russia,RUS,Russian Federation,RU,643,ISO 3166-2:RU,Europe,Eastern Europe,,150.0,151.0,
144,Rwanda,Rwanda,RWA,Rwanda,RW,646,ISO 3166-2:RW,Africa,Sub-Saharan Africa,Eastern Africa,2.0,202.0,14.0
145,Saint Lucia,Saint Lucia,LCA,Saint Lucia,LC,662,ISO 3166-2:LC,Americas,Latin America and the Caribbean,Caribbean,19.0,419.0,29.0
146,Saint Vincent and the Grenadines,Saint Vincent and the Grenadines,VCT,Saint Vincent and the Grenadines,VC,670,ISO 3166-2:VC,Americas,Latin America and the Caribbean,Caribbean,19.0,419.0,29.0
147,San Marino,San Marino,SMR,San Marino,SM,674,ISO 3166-2:SM,Europe,Southern Europe,,150.0,39.0,
148,Saudi Arabia,Saudi Arabia,SAU,Saudi Arabia,SA,682,ISO 3166-2:SA,Asia,Western Asia,,142.0,145.0,
149,Senegal,Senegal,SEN,Senegal,SN,686,ISO 3166-2:SN,Africa,Sub-Saharan Africa,Western Africa,2.0,202.0,11.0
150,Serbia,Serbia,SRB,Serbia,RS,688,ISO 3166-2:RS,Europe,Southern Europe,,150.0,39.0,
151,Seychelles,Seychelles,SYC,Seychelles,SC,690,ISO 3166-2:SC,Africa,Sub-Saharan Africa,Eastern Africa,2.0,202.0,14.0
152,Singapore,Singapore,SGP,Singapore,SG,702,ISO 3166-2:SG,Asia,South-eastern Asia,,142.0,35.0,
153,Slovakia,Slovakia,SVK,Slovakia,SK,703,ISO 3166-2:SK,Europe,Eastern Europe,,150.0,151.0,
154,Slovenia,Slovenia,SVN,Slovenia,SI,705,ISO 3166-2:SI,Europe,Southern Europe,,150.0,39.0,
155,Somalia,Somalia,SOM,Somalia,SO,706,ISO 3166-2:SO,Africa,Sub-Saharan Africa,Eastern Africa,2.0,202.0,14.0
156,South Africa,South Africa,ZAF,South Africa,ZA,710,ISO 3166-2:ZA,Africa,Sub-Saharan Africa,Southern Africa,2.0,202.0,18.0
157,Spain,Spain,ESP,Spain,ES,724,ISO 3166-2:ES,Europe,Southern Europe,,150.0,39.0,
158,Sri Lanka,Sri Lanka,LKA,Sri Lanka,LK,144,ISO 3166-2:LK,Asia,Southern Asia,,142.0,34.0,
159,Sudan,Sudan,SDN,Sudan,SD,729,ISO 3166-2:SD,Africa,Northern Africa,,2.0,15.0,
160,Suriname,Suriname,SUR,Suriname,SR,740,ISO 3166-2:SR,Americas,Latin America and the Caribbean,South America,19.0,419.0,5.0
161,Sweden,Sweden,SWE,Sweden,SE,752,ISO 3166-2:SE,Europe,Northern Europe,,150.0,154.0,
162,Switzerland,Switzerland,CHE,Switzerland,CH,756,ISO 3166-2:CH,Europe,Western Europe,,150.0,155.0,
163,Syria,Syria,SYR,Syrian Arab Republic,SY,760,ISO 3166-2:SY,Asia,Western Asia,,142.0,145.0,
164,Taiwan*,Taiwan,TWN,"Taiwan, Province of China",TW,158,ISO 3166-2:TW,Asia,Eastern Asia,,142.0,30.0,
165,Tanzania,Tanzania,TZA,"Tanzania, United Republic of",TZ,834,ISO 3166-2:TZ,Africa,Sub-Saharan Africa,Eastern Africa,2.0,202.0,14.0
166,Thailand,Thailand,THA,Thailand,TH,764,ISO 3166-2:TH,Asia,South-eastern Asia,,142.0,35.0,
167,The Bahamas,The Bahamas,BHS,Bahamas,BS,44,ISO 3166-2:BS,Americas,Latin America and the Caribbean,Caribbean,19.0,419.0,29.0
168,The Gambia,The Gambia,GMB,Gambia,GM,270,ISO 3166-2:GM,Africa,Sub-Saharan Africa,Western Africa,2.0,202.0,11.0
169,Timor-Leste,Timor-Leste,TLS,Timor-Leste,TL,626,ISO 3166-2:TL,Asia,South-eastern Asia,,142.0,35.0,
170,Togo,Togo,TGO,Togo,TG,768,ISO 3166-2:TG,Africa,Sub-Saharan Africa,Western Africa,2.0,202.0,11.0
171,Trinidad and Tobago,Trinidad and Tobago,TTO,Trinidad and Tobago,TT,780,ISO 3166-2:TT,Americas,Latin America and the Caribbean,Caribbean,19.0,419.0,29.0
172,Tunisia,Tunisia,TUN,Tunisia,TN,788,ISO 3166-2:TN,Africa,Northern Africa,,2.0,15.0,
173,Turkey,Turkey,TUR,Turkey,TR,792,ISO 3166-2:TR,Asia,Western Asia,,142.0,145.0,
174,Uganda,Uganda,UGA,Uganda,UG,800,ISO 3166-2:UG,Africa,Sub-Saharan Africa,Eastern Africa,2.0,202.0,14.0
175,Ukraine,Ukraine,UKR,Ukraine,UA,804,ISO 3166-2:UA,Europe,Eastern Europe,,150.0,151.0,
176,United Arab Emirates,United Arab Emirates,ARE,United Arab Emirates,AE,784,ISO 3166-2:AE,Asia,Western Asia,,142.0,145.0,
177,Uruguay,Uruguay,URY,Uruguay,UY,858,ISO 3166-2:UY,Americas,Latin America and the Caribbean,South America,19.0,419.0,5.0
178,Uzbekistan,Uzbekistan,UZB,Uzbekistan,UZ,860,ISO 3166-2:UZ,Asia,Central Asia,,142.0,143.0,
179,Venezuela,Venezuela,VEN,Venezuela (Bolivarian Republic of),VE,862,ISO 3166-2:VE,Americas,Latin America and the Caribbean,South America,19.0,419.0,5.0
180,Vietnam,Vietnam,VNM,Viet Nam,VN,704,ISO 3166-2:VN,Asia,South-eastern Asia,,142.0,35.0,
181,Zambia,Zambia,ZMB,Zambia,ZM,894,ISO 3166-2:ZM,Africa,Sub-Saharan Africa,Eastern Africa,2.0,202.0,14.0
182,Zimbabwe,Zimbabwe,ZWE,Zimbabwe,ZW,716,ISO 3166-2:ZW,Africa,Sub-Saharan Africa,Eastern Africa,2.0,202.0,14.0
